{
  "dim_fc_hidden": 64,
  "dim_lstm_hidden": 256,
  "lr": 0.9601000000000001,
  "momentum": 0.8300000000000001,
  "weight_decay": 0.001
}