{
  "dim_fc_hidden": 128.0,
  "dim_lstm_hidden": 128,
  "lr": 0.6999000000000001,
  "momentum": 0.9500000000000001,
  "weight_decay": 0.0001
}