{
  "dim_fc_hidden": 128,
  "dim_lstm_hidden": 256,
  "lr": 0.0058000000000000005,
  "momentum": 0.9400000000000001,
  "weight_decay": 0.01
}